product_title,product_sku,product_image,product_description
Flysurfer Landboard Set | Peak + Connect Bar + Kheo Flyer 8,20014611,['http://www.kite-team.de/media/image/product/20068/lg/flysurfer-landboard-set-peak-connect-bar-kheo-flyer-8.jpg'],"
LANDBOARDING

Dieses Landboarding Komplettset richtet sich sowohl an Landboard Beginner als auch Fortgeschrittene Rider. Dank des einfachen Handlings werden Einsteiger nicht überfordert und für Fortgeschrittene Landboarder ist genügend Luft nach oben, um viele Jahre Spaß zu haben. Der Flysurfer Peak 4 ist ein Single Skin Konzept Kite und bringt selbst in kleinen Größen jede Menge Power mit sich. Sieh Dir dazu genau die unten angeführte Windtabelle an. Die mitgelieferte Flysurfer Connect Bar hat sich bewährt und liefert Dir sowohl komfortables Handling als auch allergrößte Sicherheit. Das Kheo Flyer Landboard ist geradezu ein Leichtgewicht und perfekt abgestimmt. Die hochwertig verarbeiteten Materialien lassen Dich auch bei härtester Beanspruchung nicht im Stich. Egal ob am Strand, auf der Holperpiste am Feld oder auf der Downhill Strecke mit dem Kheo Flyer Landboard bist Du ideal gerüstet.

Hol Dir jetzt Dein Landboard Set bei Kiteladen im Onlineshop und starte los in ein neues Kiteabenteuer!
Lieferumfang Landboarding Set:

 • Flysurfer Paek 4
• Flysurfer Connect Bar
• Kheo Flyer Landboard
Peak 4
FlysurferFreeride | Landboarden | Snowkiten

Der Flysurfer Peak 4 ist ein Single Skin Kite für Abenteurer und Back-Country Snowkiter. Unglaublich leicht, agil und kraftvoll präsentiert sich sein Wesen. Ein neues Fluggefühl für Landboarder, Buggyfahrer und Snowkiter! Progressive Depower, ein direktes Bargefühl, der hohe Grundzug und eine Stabilität, die seinesgleichen sucht, machen den Flysurfer Peak 4 zu einem der besten Single Skin Kites am Markt. 
Der enorme Grundzug des Single Skin Kites wirkt im ersten Moment ungewohnt, doch die effiziente Depower an der Bar macht den Peak 4 im Handumdrehen drucklos. Aufgrund des optimierten und stark gewölbten Profils kann mehr Kraft pro Quadratmeter generiert werden. Ein Überfliegen des Kites ist beinahe unmöglich und auch Backstalltendenzen sucht man vergeblich. Das geringe Gewicht ermöglicht ein stabiles und frühes Fliegen des Kites am Windfensterrand.Trotz all der Innovationen richtet sich der Flysurfer Peak 4 an alle Könnerstufen und das zurecht. Das Handling könnte nicht einfacher sein und für Sicherheit ist mittels B-Safe System gesorgt. Und auch nach dem Auslösen des Quickreleases kann der Peak 4 ohne Aufwand durch die Powerzone wieder gestartet werden. Die überarbeiteten Wingtips bringen sowohl positive Eigenschaften in Hinblick auf Aerodynamik als auch ein engeres Drehen bei gleichmäßigem Zug zum Vorschein. Ein intuitives Barfeedback rundet die Benutzerfreundlichkeit des Peak 4 ab.Flysurfer hat wieder einmal viel Leidenschaft in die Neuauflage des Peak 4 gesteckt. Hol Dir jetzt Deinen Single Skin Kite Flysurfer Peak 4 im KITELADEN Onlineshop!



Features Flysurfer Peak 4:

• Hybrid Wingtip Technologie: Effiziente Aerodynamik des Wingtips macht enges Drehen möglich und verringert Backsstalls auf ein Minimum.
• B-Safe System: Ermöglicht einen problemlosen Relaunch nach dem Auslösen des Safety Systems.
• Single Skin Konzept: Die erhöhte Profilwölbung und das geringe Gewicht machen den Peak 4 zum Kraftprotz. Dem enormen Grundzug steht eine effiziente Depower an der Bar gegenüber. 
• Optimierte Konstruktion: Leicht trotz zusätzlicher Verstärkungen an beanspruchten Bereichen und eine Reduktion der Zellen führen zu einem völlig neuen Fluggefühl.

Größen und Windrange Flysurfer Peak 4:


Connect Control Bar
FlysurferWasser | Land | Schnee

Bei der Flysurfer Connect Control Bar handelt es sich um eine 5 Leiner Bar mit 7 + 14m Flugleinen. Dieses Barsystem ist ausschließlich mit dem Flysurfer Peak 4 und dem Viron 3 kompatibel. Die Bar ist sehr übersichtlich und aufgeräumt. Flysurfer hat die Connect Control Bar mit dem bewährten B-Safe Sicherheitssystem ausgestattet. Der angenehm leichte Barholm wurde mit weichen Floatern ausgestattet und bietet einen angenehmen Komfort. Das Quick Release 3.0 als Herzstück des Flysurfer Barsystems ist gemäß der französischen Norm (AFNOR) zertifiziert und garantiert damit einen äußerst geringen Kraftaufwand beim Auslösen, zudem verfügt das Push Away Quick Release über einen ergonomischen Griff mit gutem Grip. Der Barholm wiegt lediglich sage und schreibe 0,34 kg und ist an der rechten Seite mit Signalfarbe für die rechte Hand markiert. Das abriebfeste und ergonomisch geformte EVA gibt Dir ein sehr gutes Gefühl und ist völlig rutschfest, sowohl auf dem Wasser als auch an Land und am Schnee.Die austauschbare Leinendurchführung in der Mitte des Barholms sorgt für ein reibungsloses Steuern und kann im Falle von Verschleiß sogar ausgetauscht werden. Das Clam Cleat Depower System ist ebenso einfach wie auch elegant und leichtgängig. Die Flysurfer Connect Control Bar ist B-Safe ready und speziell für den Peak 4 konzipiert. Nach dem Auslösen sorgt das Safety System dank der 5. Leine dafür, dass der Single Skin Kite zusammengerafft und drucklos abstürzt. Unter den Floatern an den Barenden befindet sich jeweils eine Knotenleiter mit derer Hilfe Verkürzungen der Backlines ausgeglichen werden können. Wenn Du gerne kurze Leinen fliegst, kannst Du die 7 Meter Extensions auch abnehmen und den Kite mit 14m Leinen fliegen. Das Safety System der Connect Bar arbeitet auch mit 14m Leinen ohne Einschränkung.Hol Dir jetzt die Flysurfer Connect Control Bar für Deinen Peak 4 oder Viron 3. Jetzt bei Kiteladen im Onlineshop kaufen!



Features Flysurfer Connect Control Bar:

• Light Bar Stick: Farblich codiert und einer der leichtesten Barholme am Markt.
• Quick Release 3.0: Einfach und zuverlässig sorgt das AFNOR zertifizierte Push Away Quickrelease für Sicherheit.
• Exchangeable One-Hole-Eyelet: Austauschbare Leinenführung in der Mitte des Barholms.
• Clam Cleat Adjuster: Einfach, elegant und effizient - das Depower System ist einhändig zu bedienen.
• B-Safe System ready: Druckloser Absturz nach dem Auslösen des Quick Releases dank der 5. Leine..
• Tuning Options: Knotenleiter unter den Floatern an den Barenden.

Größe Flysurfer Connect Control Bar:
Flyer V2 Landboard
Kheo BoardsLANDBOARD | KITE-LANDBOARD | LONGBOARD

Ein Landboard für jede Gelegenheit
Das Flyer von Kheo ist ein Landboard für Einsteiger und Fortgeschrittene Kiter. Mit seinem versteiften, ganz speziellen Deck ohne Fiberglasschichten und der leichten C2-Bindung bringt es nicht sehr viel Eigengewicht auf die Waage. Damit ist es das perfekte Kite-Landboard für Dich, wenn Du um 80 Kilo wiegst und auf jedem Untergrund gut zurechtkommst – und das alles auch noch bei hohem Speed. Das außerordentlich guten Achsen verleihen diesem Landboard alle notwendige Stabilität, um über den Strand oder freie Flächen zu brausen. Dieses Lanadboard eignet sich auch für extremes Downhill Tempo. Das Kheo Flyer ist damit Dein idealer Begleiter für alle Bedingungen.Features:
• Gesamtlänge: 113cm
• Decklänge: 94cm
• Gewicht: 7.3 kg
• Bindung: Kheo C2 Velcro
• Trucks: 12mm Kheo Aluminium Channel Trucks
• Truck Inserts: 80A Cylinder Shocks
• Reifen: 8 Zoll Ultra Grip Profil
• Räder: Fünf Speichen
• Lager: 6001-2RS Abec5
• Deck: 9 Ply Canadian Maple (20º tip angle)"
Flysurfer Peak 4,20014602,"['http://www.kite-team.de/media/image/product/20014/lg/flysurfer-peak-4.jpg', 'http://www.kite-team.de/media/image/product/20014/lg/flysurfer-peak-4~2.jpg', 'http://www.kite-team.de/media/image/product/20014/lg/flysurfer-peak-4~3.jpg', 'http://www.kite-team.de/media/image/product/20014/lg/flysurfer-peak-4~4.jpg', 'http://www.kite-team.de/media/image/product/20014/lg/flysurfer-peak-4~5.jpg', 'http://www.kite-team.de/media/image/product/20014/lg/flysurfer-peak-4~6.jpg']","
Freeride | Land | Schnee

Der Flysurfer Peak 4 ist ein Single Skin Kite für Abenteurer und Back-Country Snowkiter. Unglaublich leicht, agil und kraftvoll präsentiert sich sein Wesen. Ein neues Fluggefühl für Landboarder, Buggyfahrer und Snowkiter! Progressive Depower, ein direktes Bargefühl, der hohe Grundzug und eine Stabilität, die seinesgleichen sucht, machen den Flysurfer Peak 4 zu einem der besten Single Skin Kites am Markt. 
Der enorme Grundzug des Single Skin Kites wirkt im ersten Moment ungewohnt, doch die effiziente Depower an der Bar macht den Peak 4 im Handumdrehen drucklos. Aufgrund des optimierten und stark gewölbten Profils kann mehr Kraft pro Quadratmeter generiert werden. Ein Überfliegen des Kites ist beinahe unmöglich und auch Backstalltendenzen sucht man vergeblich. Das geringe Gewicht ermöglicht ein stabiles und frühes Fliegen des Kites am Windfensterrand.Trotz all der Innovationen richtet sich der Flysurfer Peak 4 an alle Könnerstufen und das zurecht. Das Handling könnte nicht einfacher sein und für Sicherheit ist mittels B-Safe System gesorgt. Und auch nach dem Auslösen des Quickreleases kann der Peak 4 ohne Aufwand durch die Powerzone wieder gestartet werden. Die überarbeiteten Wingtips bringen sowohl positive Eigenschaften in Hinblick auf Aerodynamik als auch ein engeres Drehen bei gleichmäßigem Zug zum Vorschein. Ein intuitives Barfeedback rundet die Benutzerfreundlichkeit des Peak 4 ab.Flysurfer hat wieder einmal viel Leidenschaft in die Neuauflage des Peak 4 gesteckt. Hol Dir jetzt Deinen Single Skin Kite Flysurfer Peak 4 im KITELADEN Onlineshop!



Features Flysurfer Peak 4:

• Hybrid Wingtip Technologie: Effiziente Aerodynamik des Wingtips macht enges Drehen möglich und verringert Backsstalls auf ein Minimum.
• B-Safe System: Ermöglicht einen problemlosen Relaunch nach dem Auslösen des Safety Systems.
• Single Skin Konzept: Die erhöhte Profilwölbung und das geringe Gewicht machen den Peak 4 zum Kraftprotz. Dem enormen Grundzug steht eine effiziente Depower an der Bar gegenüber. 
• Optimierte Konstruktion: Leicht trotz zusätzlicher Verstärkungen an beanspruchten Bereichen und eine Reduktion der Zellen führen zu einem völlig neuen Fluggefühl.

Größen und Windrange Flysurfer Peak 4:



Lieferumfang Flysurfer Peak 4:

• PEAK4 Kite only
• Set of B-Safe Top Lines
• PEAK4 Bag
• Kite Safety Guide
• Repair-Kit
• Sandbag"
Flysurfer Sonic 3,20014603,"['http://www.kite-team.de/media/image/product/20021/lg/flysurfer-sonic-3.jpg', 'http://www.kite-team.de/media/image/product/20021/lg/flysurfer-sonic-3~2.jpg', 'http://www.kite-team.de/media/image/product/20021/lg/flysurfer-sonic-3~3.jpg', 'http://www.kite-team.de/media/image/product/20021/lg/flysurfer-sonic-3~4.jpg', 'http://www.kite-team.de/media/image/product/20021/lg/flysurfer-sonic-3~5.jpg', 'http://www.kite-team.de/media/image/product/20021/lg/flysurfer-sonic-3~6.jpg']","
Wasser | Land | Schnee

Der Flysurfer Sonic ist ein Hochleister Foilkite und spricht mit seinen außergewöhnlichen Race Eigenschaften Fortgeschrittene Freeride sowie Big Air Kitesurfer und Kitefoiler an. Der Closed Cell Kite aus dem Hause Flysurfer beeindruckt mit einer knackigen Aggressivität und einer ausgewogenen Kontrolle und wurde entwickelt, um den Gesetzen der Natur zu trotzen. Der Sonic 3 bietet das kraftvollste Paket in der gesamten Flysurfer Range, doch die Performance muss auch umgesetzt, entfesselt und gezähmt werden.
Das Flysurfer Team hat die besten Eigenschaften des Foil Race Kite VMG und die des bestens bekannten Allround Kites Soul im neuen Sonic 3 vereint. Durch die Synthese von VMG und Soul entsteht ein herausragender Hochleister Foilkite mit unglaublicher Hangtime, einen breiten Einsatzbereich und das von Flysurfer bekannte Lowend. Dabei sorgen 55 Zellen mit einer Aspect Ratio von 6,6 ? 7,2 für die perfekte Performance. Die Entwickler von Flysurfer haben keine Mühe gescheut, um dem Sonic 3 ein ähnlich einfaches Handling wie dem Soul mit auf den Weg zu geben. Der wohl größte Streich war aber die verbesserte Kraftübertragung, denn damit die hohe Gleitzahl des Sonic 3 abrufbar und besser kontrollierbar wird, musste die Depower überarbeitet und angepasst werden. Doch auch in punkto Sicherheit hat sich Flysurfer Gedanken gemacht und den Wasserrelaunch des Sonic 3 deutlich verbessert - dafür sorgt ein optimiertes Lenzsystem und mehr Stabilität in kritischen Situationen. Doch auch bei der Langlebigkeit macht Flysurfer keine Abstriche und verpasst dem Sonic 3 alle Merkmale für viele Jahre sorgenfreies Kiten.Hol Dir jetzt die neue Sprungmaschine von Flysurfer im Kiteladen Kiteshop. Online immer für Dich da!



Features Flysurfer Sonic 3:

• SPC (Smart Performance Construction): Leichte Konstruktion, langlebig und optimale Kraftverteilung.
• PMA (Profile Momentum Adjuster): Individuelle Trimmoption mittels Knotenleiter (Sollten vom Fachmann durchgeführt werden).
• ADS (Automatic Drainage System): Automatisches Entwässerungssystem, um Relaunches im tiefen Wasser in allen Lagen zu gewährleisten.
• Wartung - Langer Mixer Test: Mittels der Länge von markierten Waageleinen kannst Du jederzeit den Mixer testen und ausgleichen.
• The Mixer: Der Mixer steuert die verschiedenen Ebenen und ist für Profilkrümmung und Anstellwinkel verantwortlich.
• MPI (Max Pressure Air Intake): Integriert in der Anströmkante sorgt das MPI für schnelles Befüllen und maximalen Staudruck im Inneren des Kites.Gleiten.TV Testvideo Flysurfer Sonic 3:
Größen und Windrange Flysurfer Sonic 3:



Lieferumfang Flysurfer Sonic 3:

• SONIC Kite only
• SONIC Light Bag
• UNIVERSAL Kite Bag
• Kite Safety Guide
• BALLAST Bag
• Compression Strap
• Repair Kit"
Flysurfer Soul,20014601,"['http://www.kite-team.de/media/image/product/20004/lg/flysurfer-soul.jpg', 'http://www.kite-team.de/media/image/product/20004/lg/flysurfer-soul~2.jpg', 'http://www.kite-team.de/media/image/product/20004/lg/flysurfer-soul~3.jpg', 'http://www.kite-team.de/media/image/product/20004/lg/flysurfer-soul~4.jpg', 'http://www.kite-team.de/media/image/product/20004/lg/flysurfer-soul~5.jpg', 'http://www.kite-team.de/media/image/product/20004/lg/flysurfer-soul~6.jpg']","
Freeride | Beginner | Foil

Der Flysurfer Soul hat mit seinem Launch für Furore bei den Kitesurfern und auch beim Mitbewerb gesorgt. Doch nicht nur Kitefoiler und eingefleischte Mattenkiter lieben das Fluggefühl des Flysurfer Soul. Selbst langjährige Tubekiter sind von dem einfachen Handling des Softkites begeistert, der Wasserstart ist kinderleicht geworden und die Langlebigkeit der Flysurfer Produkte spielt in einer eigenen Liga. Doch nicht nur die Suche nach dem besten Lowend lässt viele Kunden zum Soul greifen, für viele Kitesurfer bietet der ?One for All? Kite ein perfektes Package an Performance und Preis-Leistung an.
Die Closed-Cell Technology verbindet angenehmen Komfort mit sportlichen Eigenschaften. Die einzigartige Leichtbauweise des Soul und die direkt ansprechende und präzise Steuerung begeistern auf dem Wasser und an Land - egal ob mit dem Mountainboard oder im Winter am Schnee. Das leichte X-Light Tuch ist wettkampferprobt und kommt beim Flysurfer Soul als ersten Serienkite zum Einsatz. Das neu entwickelte Waagesystem macht einen Wasserstart über eine Steuerleine möglich und ermöglicht ein perfektes Feedback an der Bar. Der ultraleichte Softkite bietet hervorragende Höhelauf Eigenschaften und eine enorme Stabilität selbst in böigen Windbedingungen. Und selbst wenn einmal etwas schief geht ist der Kite in kurzer Zeit wieder trocken und einsatzbereit dank des neuen Entwässerungssystems.Wer bisher dachte Megaloops wären mit Softkites nicht möglich, der muss seine Meinung revidieren. Der englische Teamrider Olly Bridge beweist in mehreren Videos die Eignung des Souls für Megaloops. Wohl wissentlich, dass dieses Manöver mit dem Flysurfer Soul nur die wenigsten von uns wagen werden. Dennoch ist die Performance des Soul beeindruckend.Egal ob Du einen Leichtwindkite, einen Foilkite, einen Landkite oder einen All for One Kite suchst - der Flysurfer Soul wird Dich auf jedem Terrain begeistern! Hol Dir jetzt Deinen Softkite bei KITELADEN im Onlineshop!



Features Flysurfer Soul:

• X-Light / DLX+ Construction: Geschickter Materialmix und das X-Light Tuch (32g/m²) machen den Flysurfer Soul leicht und beeindruckend langlebig.
• Präzise Steuerung: Die individuelle Entwicklung der einzelnen Größen bringt das maximale Potenzial zum Vorschein.
• Neues Fluggefühl mit kurzen Leinen: Schnelle Manöver dank kurzer Leinen. 17 Meter Leinen machen es möglich.
• Relaunch über eine Steuerleine: Die neue Outline ist das Geheimnis und lässt den Soul wie einen Tubekite seitlich über den Zug an einer Steuerleine starten.
• Wartung - der Bridle-Check: Einfach und schnell kannst Du selbst die Dehnung oder Verkürzung von Leinen überprüfen.
• Verbessertes Entwässerungssystem: Dadurch lässt sich der Kite im tiefen Wasser aus beinahe jeder Situation heraus starten.
Gleiten.TV Testvideo Flysurfer Soul:

Größen und Windrange Flysurfer Soul:



Lieferumfang Flysurfer Soul:

• SOUL Kite only
• UNIVERSAL Kite Bag
• SOUL Light Bag
• Kite Safety Guide
• Repair-Kit
• Sandbag"
"Flysurfer Viron 3 ""read 2 fly""",20014604,"['http://www.kite-team.de/media/image/product/20027/lg/flysurfer-viron-3-read-2-fly.jpg', 'http://www.kite-team.de/media/image/product/20027/lg/flysurfer-viron-3-read-2-fly~2.jpg', 'http://www.kite-team.de/media/image/product/20027/lg/flysurfer-viron-3-read-2-fly~3.jpg', 'http://www.kite-team.de/media/image/product/20027/lg/flysurfer-viron-3-read-2-fly~4.jpg', 'http://www.kite-team.de/media/image/product/20027/lg/flysurfer-viron-3-read-2-fly~5.jpg']","
Wasser | Land | Schnee | Beginner

Der Flysurfer Viron 3 richtet sich an Kitesurf Beginner oder Landboarder auf der Suche nach einem sicheren und intuitiven Closed Cell Foil Kite. Zu Recht wird der Viron 3 vielerorts als der beste Trainerkite aller Zeiten beschrieben. Die Depower Charakteristik in Kombination mit dem B-Safe System gibt Kiteschülern das nötige Vertrauen zum Material, um schnellstmöglich Lernerfolge zu erzielen. Davon profitieren Kitelehrer und Schüler.
Die Flysurfer Produkt Designer haben mit zahlreichen Kitelehrern weltweit gesprochen, um die Anforderungen perfekt zu definieren. Das Ergebnis ist der Viron 3 - ein sicherer Schulungskite mit intuitiver Handhabung für alle Altersklassen. Der Viron 3 ist das Spezialwerkzeug für jede Kiteschulung, egal ob an Land oder im Wasser. Bei der Entwicklung des Viron 3 wurde dezidiert auf eine Reduktion der Gleitzahl geachtet, um Beginner nicht zu überfordern. Ebenfalls wurde auf eine geringe Streckung des Kites geachtet, um dem Kiteschüler einen soften Einstieg in den Kitesport zu gewährleisten. Die runde Form des Trainerkites lässt den Viron 3 aus jeder Lage heraus starten und reduziert im Wasser ein schnelles Abdriften. An der von Flysurfer bekannten hochwertigen Verarbeitung wurde auch beim Viron 3 nicht gespart. Verstärkungen ,wo nötig und hochqualitative Materialien sorgen über viele Jahre für viel Freude. Hol Dir jetzt den Flysurfer Viron 3 im Kiteladen Onlineshop!



Features Flysurfer Viron 3:

• B-Safe System: Ermöglicht einen problemlosen Relaunch nach dem Auslösen des Safety Systems.
• Simple Bridle Concept (A+Z): Das Bridle Konzept ohne Mixer sorgt für geringe Haltekräfte und keine abrupten Beschleunigungen.
• Impact Absorbing Technology: Für den Umgang mit Schülern und Beginnern an den entsprechenden Punkten verstärkt.
• Auto Relaunch: Der einzige Closed Cell Kite, der über einen funktionierenden Auto Relaunch verfügt.
• Self Inflatable: Die Sharknose des Viron 3 sorgt für das schnelle Befüllen und den perfekten Staudruck im Inneren des Kites.
• Automatic Drainage System: Automatisches Entwässerungssystem, um Relaunches im tiefen Wasser in allen Lagen zu gewährleisten.Testvideo Flysurfer Viron 3:
Größen und Windrange Flysurfer Viron 3:



Lieferumfang Flysurfer Viron 3:

• Viron Kite only
• CONNECT Control Bar
• Universal Kite Bag
• Kite Safety Guide
• Bar Safety Guide"
Kitefoil Geschenkeset,19190005,"['http://www.kite-team.de/media/image/product/18768/lg/kitefoil-geschenkeset.jpg', 'http://www.kite-team.de/media/image/product/18768/lg/kitefoil-geschenkeset~2.jpg', 'http://www.kite-team.de/media/image/product/18768/lg/kitefoil-geschenkeset~3.jpg', 'http://www.kite-team.de/media/image/product/18768/lg/kitefoil-geschenkeset~4.jpg', 'http://www.kite-team.de/media/image/product/18768/lg/kitefoil-geschenkeset~5.jpg']","

Das passende Geschenk für jeden Kitefoiler"
Peter Lynn Lynx V5,19010604,"['http://www.kite-team.de/media/image/product/17297/lg/peter-lynn-lynx-v5.jpg', 'http://www.kite-team.de/media/image/product/17297/lg/peter-lynn-lynx-v5~2.jpg', 'http://www.kite-team.de/media/image/product/17297/lg/peter-lynn-lynx-v5~3.jpg', 'http://www.kite-team.de/media/image/product/17297/lg/peter-lynn-lynx-v5~4.jpg', 'http://www.kite-team.de/media/image/product/17297/lg/peter-lynn-lynx-v5~5.jpg', 'http://www.kite-team.de/media/image/product/17297/lg/peter-lynn-lynx-v5~6.jpg']","
FREESTYLE | SNOWKITE | FOILKITE

Der Peter Lynn Lynx V5 ist ein medium Aspect Ratio, Open Cell Depower Foil Kite mit einem 5 Leiner Safety System. Diese Bauweise generiert einen äußerst gleichmäßigen Zug, der sich einfach kontrollieren lässt und gibt Dir jederzeit eine perfekte Rückmeldung an der Bar. Bei der Konstruktion des Peter Lynn Lynx V5 wurde ein Hauptaugenmerk auf Flug-Stabilität und herausragende Flug Eigenschaften gelegt. Fortgeschrittenen Kitern wird beim Snowkiting und Landkiting so zu mehr Spaß und einem besseren Erlebnis bei ihren Kite Sessions verholfen.
Der Peter Lynn Lynx V5 ist ein Starkwind Monster und gibt jedem Rider die nötige Sicherheit um in turbulenten Bedingungen stets die Kontrolle zu behalten.
Mit dem neuen ?Stop and Go? Safety System beweist Peter Lynn einmal mehr seine Kompetenz in Sachen Depower Kite und bietet dem Kiter garantiert 100% Depower. Egal, ob in schwierigen Bedingungen oder beim Relaunch im Schnee, das Safety System unterstützt Dich jederzeit und lässt Dich auch den Kite ankern, wenn du während Deiner Session eine kleine Pause benötigst.
Die Trailing Edge des Lynx V5 wurde komplett überarbeitet und mit einem nicht dehnbaren Material versehen, dies wirkt sich vor allen auf das Anströmverhalten, die Stabilität des Kites und in weiterer Folge auf ein verbessertes Handling aus.
Der Peter Lynn Lynx V5 funktioniert perfekt mit der hauseigenen Magnet Bar. Die 53cm breite Bar ist mit einer 5 Leiner Safety und Dyneema Leinen sowie einen Clamcleat oberhalb der Bar ausgestattet.
Wenn Dir Kitesurfen in den Sommermonaten nicht reicht und Du schon immer durch den Tiefschnee brettern wolltest, dann ist der Lynx V5 der richtige Begleiter für Dich. Hol Dir jetzt Deine perfekte Spaßmaschine für Deine Snowkite Abenteuer.

"
Peter Lynn Nova V1,19010602,['http://www.kite-team.de/media/image/product/17274/lg/peter-lynn-nova-v1.jpg'],"
EINSTEIGER | FREERIDE | KITEFOIL

Die niederländische Traditionsmarke Peter Lynn will mit dem Nova neue Maßstäbe setzen. Das Ziel der Designer war es, einen Mattenkite zu entwickeln, der alle positiven Eigenschaften eines Tubekites, wie einfaches Handling, Zugänglichkeit und Stabilität mit den positiven Eigenschaften eines Foilkites vereint: Besseres Höhelaufen, Drift und Leichtwindeigenschaften.

Mit dem Peter Lynn Nova wird Kitefoilen zum Kinderspiel und die Lernkurve steigt rapide an. Durch die ausgewogene Freeride Performance und noch nie dagewesene Stabilität kannst Du Dich während Deiner Foilsessions zu hundert Prozent auf das Kitefoil fokussieren und alles andere ausblenden.

Damit Du bei Deinen Freeride oder Kitefoil Sessions immer schön locker und entspannt bleibst, wurde der Nova mit einem sehr komfortablen leichten Bardruck ausgestattet. Darüber hinaus fällt der seitliche Zug äußerst gering aus und hilft Dir damit beim Start mit dem Foil noch leichter aufs Board zu kommen.

Peter Lynn hat dem Nova eine überdurchschnittlich hohe Anzahl an Zellen verpasst. Zusammen mit der stabilen Konstruktion des Kites werden Deformationen und ein Einknicken an den Tipenden verhindert. Die Bridle ist ebenfalls auf maximale Stabilität getrimmt.

Ein Befüllen des Kites mit Luft vor dem Start wird durch 4 Inlets zusätzlich erleichtert und die verbauten Ventile im Inneren des Kites sorgen für zusätzlichen Druck.

Der Nova begeistert mit seinem Turningspeed, dem einfachen Handling und den performanten Leichtwindeigenschaften. Hol Dir jetzt Deinen Peter Lynn Nova im Kiteladen Onlineshop!

"
Peter Lynn Lynx V4 09 m² (grün/weiß),17010605-003,"['http://www.kite-team.de/media/image/product/8881/lg/peter-lynn-lynx-v4-09-m-gruen-weiss.jpg', 'http://www.kite-team.de/media/image/product/8881/lg/peter-lynn-lynx-v4-09-m-gruen-weiss~2.jpg', 'http://www.kite-team.de/media/image/product/8881/lg/peter-lynn-lynx-v4-09-m-gruen-weiss~3.jpg', 'http://www.kite-team.de/media/image/product/8881/lg/peter-lynn-lynx-v4-09-m-gruen-weiss~4.jpg', 'http://www.kite-team.de/media/image/product/8881/lg/peter-lynn-lynx-v4-09-m-gruen-weiss~5.jpg', 'http://www.kite-team.de/media/image/product/8881/lg/peter-lynn-lynx-v4-09-m-gruen-weiss~6.jpg', 'http://www.kite-team.de/media/image/product/8881/lg/peter-lynn-lynx-v4-09-m-gruen-weiss~7.jpg']","
FREESTYLE | SNOWKITE | FOILKITE

Der Peter Lynn Lynx V4 ist ein medium Aspect Ratio, Open Cell Depower Foil Kite mit einem 5 Leiner Safety System. Diese Bauweise generiert einen äußerst gleichmäßigen Zug, der sich einfach kontrollieren lässt und gibt Dir jederzeit eine perfekte Rückmeldung an der Bar. Bei der Konstruktion des Peter Lynn Lynx V4 wurde ein Hauptaugenmerk auf Flug-Stabilität und herausragende Flug Eigenschaften gelegt. Fortgeschrittenen Kitern wird beim Snowkiting und Landkiting so zu mehr Spaß und einem besseren Erlebnis bei ihren Kite Sessions verholfen.
Der Peter Lynn Lynx V4 ist ein Starkwind Monster und gibt jedem Rider die nötige Sicherheit um in turbulenten Bedingungen stets die Kontrolle zu behalten.
Mit dem neuen ?Stop and Go? Safety System beweist Peter Lynn einmal mehr seine Kompetenz in Sachen Depower Kite und bietet dem Kiter garantiert 100% Depower. Egal, ob in schwierigen Bedingungen oder beim Relaunch im Schnee, das Safety System unterstützt Dich jederzeit und lässt Dich auch den Kite ankern, wenn du während Deiner Session eine kleine Pause benötigst.
Die Trailing Edge des Lynx V4 wurde komplett überarbeitet und mit einem nicht dehnbaren Material versehen, dies wirkt sich vor allen auf das Anströmverhalten, die Stabilität des Kites und in weiterer Folge auf ein verbessertes Handling aus.
Der Peter Lynn Lynx V4 funktioniert perfekt mit der hauseigenen Magnet Bar. Die 53cm breite Bar ist mit einer 5 Leiner Safety und Dyneema Leinen sowie einen Clamcleat oberhalb der Bar ausgestattet.
Wenn Dir Kitesurfen in den Sommermonaten nicht reicht und Du schon immer durch den Tiefschnee brettern wolltest, dann ist der Lynx V4 der richtige Begleiter für Dich. Hol Dir jetzt Deine perfekte Spaßmaschine für Deine Snowkite Abenteuer.
"
Peter Lynn Leopard V3,17010607,"['http://www.kite-team.de/media/image/product/7269/lg/peter-lynn-leopard-v3.jpg', 'http://www.kite-team.de/media/image/product/7269/lg/peter-lynn-leopard-v3~2.jpg', 'http://www.kite-team.de/media/image/product/7269/lg/peter-lynn-leopard-v3~3.jpg', 'http://www.kite-team.de/media/image/product/7269/lg/peter-lynn-leopard-v3~4.jpg', 'http://www.kite-team.de/media/image/product/7269/lg/peter-lynn-leopard-v3~5.jpg', 'http://www.kite-team.de/media/image/product/7269/lg/peter-lynn-leopard-v3~6.jpg', 'http://www.kite-team.de/media/image/product/7269/lg/peter-lynn-leopard-v3~7.jpg', 'http://www.kite-team.de/media/image/product/7269/lg/peter-lynn-leopard-v3~8.jpg']","
FREESTYLE | SNOWKITE | FOILKITE

Big Air Snowkiten erfordert jede Menge Performance. Der Peter Lynn Snowkite Leopard V3 liefert Dir genau diese benötigte Performance und jede Menge Lift obendrauf. Aber um ordentlich loszupoppen und hoch zu fliegen benötigst Du mehr als nur rohe Kraft. Zuverlässigkeit, Stabilität, Sicherheit und Kontrolle. All diese Anforderungen sind im Peter Lynn Snowkite Leopard V3 perfekt vereint.
Durch die Platzierung von Glasfaserstäben an der Leading Edge wird die Aerodynamik und Stabilität des Leopard weiter verbessert. Der sanfte Nose Shape und das geänderte Profil liefern Dir mehr Druck beim Drehen und unterstützen Dich dadurch perfekt beim Berauffahren.
Der Peter Lynn Leopard V3 ist auch bei leichten Winden ein exrem leistungsstarker Depower-Foilkite mir überragenden Flugeigenschaften. Doch wenn der Wind stärker wird zeigt der Leopard erst sein enorme Kraft. Freu Dich auf die Beschleunigung, Hangtime und den Nervenkitzel bei Deinen Big Airs.
Die hohe Drehgeschwindigkeit des Peter Lynn Snowkite Leopard V3 vereinfacht das Fliegen von Sinuskurven und Kiteloops auch bei leichten Winden enorm. Große Windrange , kraftvolles Low End, ordentlich Lift und jede Menge Hangtime runden das Paket dieses Snowkites perfekt ab.
"
Kite-Buch Foilkiten lernen,17043501,['http://www.kite-team.de/media/image/product/6204/lg/kite-buch-foilkiten-lernen.jpg'],"
AUF FLÜGELN GLEITEN: DAS NEUE KITESURFEN

EIN NEUER SPORT TAUCHT AUF

Ein Kiel unterm Brett, zwei Flügelchen am Kiel - und Kiter erleben einen neuen Sport: FOILKITEN oder HYDROFOILEN. Foilkiter sind schneller, brauchen weniger Wind und sind früher in Luv: Ein Foilkiter läuft 15 bis 17 Grad mehr Höge als ein Twintip-Fahrer und steht dutzende von Stunden länger auf dem Board, weil er schon bei zwei Windstärken ins Gleiten kommt. Wie kannst Du diesen faszinierenden Sport lernen? Hier. Das neue Buch des KITE Magazins zeigt, wie Du nach ein paar Stunden die ersten Meter im Schweben schaffst. Auf 92 Seiten und in 30 spannenden Video-Minuten erklären Dir der Weltmeister Maxime Nocher, der deutsche Foilkite-Pionier und ehemalige deutsche Racekite-Champion Roy Rodwald, die Worldcupper Peter Müller und Benni Bölli alle wichtigen Fahrtechniken auf dem Foilboard.

Preiswerter lernst Du Foilkiten nirgends.
Inhalt:
• Argumente fürs Foilkiten
• Foilkiten Wissen
• Wasserstart
• Die ersten Meter im Schweben
• Safety und Stürze
• Richtungswechsel Halsen
• Richtungswechsel Wenden
• Kurse
• Springen
• Reviere"
Hornet 4-Leiner mit Bar,16010617,"['http://www.kite-team.de/media/image/product/755/lg/hornet-4-leiner-mit-bar.jpg', 'http://www.kite-team.de/media/image/product/755/lg/hornet-4-leiner-mit-bar~2.jpg', 'http://www.kite-team.de/media/image/product/755/lg/hornet-4-leiner-mit-bar~3.jpg', 'http://www.kite-team.de/media/image/product/755/lg/hornet-4-leiner-mit-bar~4.jpg', 'http://www.kite-team.de/media/image/product/755/lg/hornet-4-leiner-mit-bar~5.jpg', 'http://www.kite-team.de/media/image/product/755/lg/hornet-4-leiner-mit-bar~6.jpg']","

ALLROUND POWERKITE | 4-LEINER

Der Peter Lynn Hornet ist ein Einsteiger-Kite, mit dem jeder lernt, einen Vierleiner zu kontrollieren. Als Übungskite bzw. Trainerkite ist der Schirm aber auch für Fortgeschrittene geeignet, die den ultimativen, weltbesten Allrounder von Peter Lynn kennenlernen wollen. Wenn Du also Wert darauf legst, nicht nur einen Anfänger-Kite mit vier Leinen zu fliegen, dann ist der Hornet genau der richtige Schirm – voller Power, dabei stabil und beweglich. Der Hornet bringt jede Menge Fun, in den letzten zehn Jahren wurde er ständig perfektioniert und neu designt. Welche Kite-Disziplin Du auch immer bevorzugst: der Hornet ist vielseitig, zuverlässig und Dein idealer Begleiter in der Welt der Winde.

Der perfekte 4-Leiner Allround-Kite

"
Twister 4-Leiner mit Bar,16010618,"['http://www.kite-team.de/media/image/product/756/lg/twister-4-leiner-mit-bar.jpg', 'http://www.kite-team.de/media/image/product/756/lg/twister-4-leiner-mit-bar~2.jpg', 'http://www.kite-team.de/media/image/product/756/lg/twister-4-leiner-mit-bar~3.jpg', 'http://www.kite-team.de/media/image/product/756/lg/twister-4-leiner-mit-bar~4.jpg', 'http://www.kite-team.de/media/image/product/756/lg/twister-4-leiner-mit-bar~5.jpg']","

FREERIDE | SPRINGEN | 4-LEINER

Eher kein Anfänger-Kite bzw. Trainerkite, sondern ein Schirm von Peter Lynn, der bei guten Winden richtig abgeht. Der Twister ist der unangefochtene Champ in der Luft in der Familie der Kites mit fixierten Zügeln. Überall auf der Welt zaubert er Adrenalin-Junkies seit mehr als einem Jahrzehnt ein glückliches Lächeln ins Gesicht. Sein berüchtigtes Sprungvermögen mit direkter Kontrolle heben Deine Powerkiting-Ambitionen mit viel Power auf ein neues Niveau, das kein Übungskite oder Einsteiger-Kite erreicht. Schnelligkeit, Maximalkontrolle und Performance werden durch die perfekten Längenverhältnisse des Twister gesichert. Du willst viel Zeit in den Lüften verbringen? Dann lass den Twister ran!

Bereit zum Absprung?

"
Skim 3-Leiner,16010616,"['http://www.kite-team.de/media/image/product/747/lg/skim-3-leiner.jpg', 'http://www.kite-team.de/media/image/product/747/lg/skim-3-leiner~2.jpg', 'http://www.kite-team.de/media/image/product/747/lg/skim-3-leiner~3.jpg', 'http://www.kite-team.de/media/image/product/747/lg/skim-3-leiner~4.jpg', 'http://www.kite-team.de/media/image/product/747/lg/skim-3-leiner~5.jpg']","

WATER TRAINER | TRAINERKITE | 3-LEINER

Der Skim, ein 3-Leiner von Peter Lynn, ist der perfekte Einsteiger-Kite, um die faszinierende Welt des Kitens zu erkunden – ein toller Übungskite für jene Stunden, während derer Du Deinen Körper vom Wasser treiben lässt, während Du am Schirm hängst. Auf diese Weise lernst Du, den Übungskite vom Wasser aus zu kontrollieren. Spaßig und gleichzeitig anspruchsvoll, so sieht die Lernkurve mit dem Anfänger-Kite Skim aus. Die großartigen Flugcharakteristika und die Sicherheit der dritten Leine machen den Skim zu einem herausragenden Schirm, mit dem Du die Basics bzgl. der vollen Kitekontrolle und Zutrauen in den Schirm erlernst.

Begieb Dich ins Wasser - Ideal für die ersten Schritte in die Kitewelt

"
Hornet 4-Leiner mit Handles,16010614,"['http://www.kite-team.de/media/image/product/745/lg/hornet-4-leiner-mit-handles.jpg', 'http://www.kite-team.de/media/image/product/745/lg/hornet-4-leiner-mit-handles~2.jpg', 'http://www.kite-team.de/media/image/product/745/lg/hornet-4-leiner-mit-handles~3.jpg', 'http://www.kite-team.de/media/image/product/745/lg/hornet-4-leiner-mit-handles~4.jpg', 'http://www.kite-team.de/media/image/product/745/lg/hornet-4-leiner-mit-handles~5.jpg', 'http://www.kite-team.de/media/image/product/745/lg/hornet-4-leiner-mit-handles~6.jpg']","

ALLROUND POWERKITE | 4-LEINER

Der Peter Lynn Hornet ist ein Einsteiger-Kite, mit dem jeder lernt, einen Vierleiner zu kontrollieren. Als Übungskite bzw. Trainerkite ist der Schirm aber auch für Fortgeschrittene geeignet, die den ultimativen, weltbesten Allrounder von Peter Lynn kennenlernen wollen. Wenn Du also Wert darauf legst, nicht nur einen Anfänger-Kite mit vier Leinen zu fliegen, dann ist der Hornet genau der richtige Schirm – voller Power, dabei stabil und beweglich. Der Hornet bringt jede Menge Fun, in den letzten zehn Jahren wurde er ständig perfektioniert und neu designt. Welche Kite-Disziplin Du auch immer bevorzugst: der Hornet ist vielseitig, zuverlässig und Dein idealer Begleiter in der Welt der Winde.

Der perfekte 4-Leiner Allround-Kite

"
Twister 4-Leiner mit Handles,16010615,"['http://www.kite-team.de/media/image/product/746/lg/twister-4-leiner-mit-handles.jpg', 'http://www.kite-team.de/media/image/product/746/lg/twister-4-leiner-mit-handles~2.jpg', 'http://www.kite-team.de/media/image/product/746/lg/twister-4-leiner-mit-handles~3.jpg', 'http://www.kite-team.de/media/image/product/746/lg/twister-4-leiner-mit-handles~4.jpg', 'http://www.kite-team.de/media/image/product/746/lg/twister-4-leiner-mit-handles~5.jpg']","

FREERIDE | SPRINGEN | 4-LEINER

Eher kein Anfänger-Kite bzw. Trainerkite, sondern ein Schirm von Peter Lynn, der bei guten Winden richtig abgeht. Der Twister ist der unangefochtene Champ in der Luft in der Familie der Kites mit fixierten Zügeln. Überall auf der Welt zaubert er Adrenalin-Junkies seit mehr als einem Jahrzehnt ein glückliches Lächeln ins Gesicht. Sein berüchtigtes Sprungvermögen mit direkter Kontrolle heben Deine Powerkiting-Ambitionen mit viel Power auf ein neues Niveau, das kein Übungskite oder Einsteiger-Kite erreicht. Schnelligkeit, Maximalkontrolle und Performance werden durch die perfekten Längenverhältnisse des Twister gesichert. Du willst viel Zeit in den Lüften verbringen? Dann lass den Twister ran!

Bereit zum Absprung?

"
